state,rank,subreddit,count,pct
0,1,psbattle_artwork,12360,32.5434439178515
0,2,photoshopbattles,5467,14.394418114797261
0,3,pareidolia,2678,7.051079515534492
0,4,savedyouaclick,2677,7.048446550816219
0,5,upliftingnews,2401,6.321748288572933
0,6,nottheonion,2032,5.350184307530279
0,7,subredditsimulator,1933,5.089520800421274
0,8,fakealbumcovers,1270,3.343865192206424
0,9,misleadingthumbnails,1245,3.2780410742496056
0,10,propagandaposters,1083,2.8515007898894154
1,1,psbattle_artwork,68776,60.361593821309455
1,2,photoshopbattles,14546,12.766368263998595
1,3,nottheonion,11724,10.289626119010006
1,4,pareidolia,9494,8.332455678427241
1,5,upliftingnews,3413,2.995436194488327
1,6,propagandaposters,2258,1.9817447779533088
1,7,misleadingthumbnails,1702,1.4937686501667544
1,8,pic,1137,0.9978936282253819
1,9,usanews,360,0.315955766192733
1,10,satire,275,0.24135509917500442
2,1,psbattle_artwork,8923,23.49394418114797
2,2,photoshopbattles,5269,13.873091100579252
2,3,pareidolia,3427,9.0231700895208
2,4,fakehistoryporn,3037,7.996313849394418
2,5,upliftingnews,2834,7.4618220115850455
2,6,fakealbumcovers,2525,6.648235913638757
2,7,neutralnews,1836,4.834123222748815
2,8,misleadingthumbnails,1611,4.241706161137441
2,9,subredditsimulator,1551,4.083728278041074
2,10,savedyouaclick,1549,4.078462348604528
3,1,psbattle_artwork,16988,44.728804634017905
3,2,photoshopbattles,4873,12.830437072143233
3,3,nottheonion,3750,9.873617693522906
3,4,upliftingnews,2361,6.216429699842022
3,5,pareidolia,2318,6.103212216956293
3,6,subredditsimulator,1938,5.102685624012638
3,7,propagandaposters,1235,3.251711427066877
3,8,misleadingthumbnails,1141,3.0042127435492363
3,9,pic,958,2.5223802001053186
3,10,usanews,641,1.6877303844128488
4,1,fakehistoryporn,7102,18.69931542917325
4,2,pareidolia,4852,12.775144813059505
4,3,psbattle_artwork,3843,10.118483412322275
4,4,mildlyinteresting,3397,8.944181147972618
4,5,fakealbumcovers,3335,8.780937335439704
4,6,photoshopbattles,2992,7.877830437072143
4,7,misleadingthumbnails,2067,5.442338072669826
4,8,upliftingnews,1906,5.01843075302791
4,9,confusing_perspective,1603,4.220642443391259
4,10,subredditsimulator,1082,2.848867825171143
5,1,psbattle_artwork,5366,18.837984904335613
5,2,pareidolia,3525,12.374934175882043
5,3,fakehistoryporn,3519,12.35387045813586
5,4,photoshopbattles,3205,11.251535896085658
5,5,fakealbumcovers,2926,10.272073020888186
5,6,upliftingnews,1848,6.487625065824118
5,7,misleadingthumbnails,1345,4.721783394769177
5,8,subredditsimulator,1146,4.023170089520801
5,9,propagandaposters,846,2.9699842022116902
5,10,neutralnews,839,2.945409864841144
6,1,psbattle_artwork,17939,47.232754081095315
6,2,nottheonion,5617,14.789362822538177
6,3,photoshopbattles,4208,11.079515534491838
6,4,pareidolia,2694,7.093206951026857
6,5,upliftingnews,1812,4.770932069510268
6,6,pic,1165,3.0674038967877832
6,7,fakealbumcovers,1044,2.748815165876777
6,8,misleadingthumbnails,932,2.4539231174302265
6,9,propagandaposters,831,2.1879936808846763
6,10,subredditsimulator,591,1.55608214849921
