train_win,test_win,lag,same_state,state_i,state_j,jsd,pair_id,seed,f1
0,1,1,1,0,0,0.003756,1,-1,0.6678466200828552
0,2,2,1,0,0,0.005888,2,-1,0.6683957576751709
0,3,3,1,0,0,0.001947,3,-1,0.6700071096420288
0,4,4,1,0,0,0.000945,4,-1,0.6533869504928589
0,5,5,1,0,0,0.003147,5,-1,0.63396817445755
0,6,6,1,0,0,0.003617,6,-1,0.634287416934967
0,7,7,1,0,0,0.005351,7,-1,0.646254301071167
0,8,8,0,0,3,0.003732,8,-1,0.6418112516403198
0,9,9,0,0,3,0.00359,9,-1,0.6359348893165588
0,10,10,0,0,3,0.002866,10,-1,0.6390899419784546
0,11,11,0,0,3,0.006325,11,-1,0.6341294050216675
0,12,12,0,0,5,0.042011,12,-1,0.6163203120231628
0,13,13,0,0,5,0.033541,13,-1,0.6410215497016907
0,14,14,0,0,5,0.054237,14,-1,0.5176097750663757
0,15,15,0,0,5,0.053092,15,-1,0.5212159752845764
0,16,16,0,0,5,0.066057,16,-1,0.5012845993041992
0,17,17,0,0,5,0.069022,17,-1,0.49502578377723694
0,18,18,0,0,5,0.062854,18,-1,0.5104627013206482
0,19,19,0,0,5,0.061631,19,-1,0.5017175078392029
0,20,20,0,0,2,0.080982,20,-1,0.44717705249786377
0,21,21,0,0,2,0.109493,21,-1,0.4489164352416992
0,22,22,0,0,2,0.160482,22,-1,0.38602596521377563
0,23,23,0,0,6,0.170421,23,-1,0.36774489283561707
0,24,24,0,0,6,0.1457,24,-1,0.3847281038761139
0,25,25,0,0,6,0.175075,25,-1,0.3877853453159332
0,26,26,0,0,6,0.192611,26,-1,0.37692388892173767
0,27,27,0,0,6,0.192655,27,-1,0.3919467031955719
0,28,28,0,0,1,0.224972,28,-1,0.37584373354911804
0,29,29,0,0,1,0.244563,29,-1,0.36562004685401917
0,30,30,0,0,1,0.239619,30,-1,0.37753742933273315
0,31,31,0,0,1,0.323269,31,-1,0.3328123092651367
0,32,32,0,0,1,0.331761,32,-1,0.32256019115448
0,33,33,0,0,1,0.337118,33,-1,0.33147045969963074
0,34,34,0,0,4,0.326734,34,-1,0.2793036997318268
1,0,1,1,0,0,0.003756,1,-1,0.6736388802528381
1,2,1,1,0,0,0.000958,37,-1,0.6923161149024963
1,3,2,1,0,0,0.001594,38,-1,0.6830912232398987
1,4,3,1,0,0,0.003751,39,-1,0.6677277684211731
1,5,4,1,0,0,0.003333,40,-1,0.6458593606948853
1,6,5,1,0,0,0.003156,41,-1,0.6460351943969727
1,7,6,1,0,0,0.000436,42,-1,0.660213053226471
1,8,7,0,0,3,0.002236,43,-1,0.6598161458969116
1,9,8,0,0,3,0.003088,44,-1,0.6426582336425781
1,10,9,0,0,3,0.002732,45,-1,0.6484149098396301
1,11,10,0,0,3,0.002366,46,-1,0.648169994354248
1,12,11,0,0,5,0.033407,47,-1,0.6243500709533691
1,13,12,0,0,5,0.018942,48,-1,0.6482270956039429
1,14,13,0,0,5,0.036952,49,-1,0.5276214480400085
1,15,14,0,0,5,0.040134,50,-1,0.5292356610298157
1,16,15,0,0,5,0.051599,51,-1,0.5101701021194458
1,17,16,0,0,5,0.053966,52,-1,0.5073921084403992
1,18,17,0,0,5,0.047466,53,-1,0.5214904546737671
1,19,18,0,0,5,0.047135,54,-1,0.511610746383667
1,20,19,0,0,2,0.06207,55,-1,0.4567757546901703
1,21,20,0,0,2,0.084605,56,-1,0.46091368794441223
1,22,21,0,0,2,0.129323,57,-1,0.4019234776496887
1,23,22,0,0,6,0.13409,58,-1,0.3793354332447052
1,24,23,0,0,6,0.112515,59,-1,0.39526280760765076
1,25,24,0,0,6,0.137639,60,-1,0.3944195508956909
1,26,25,0,0,6,0.154157,61,-1,0.3873485028743744
1,27,26,0,0,6,0.155128,62,-1,0.4022078216075897
1,28,27,0,0,1,0.185421,63,-1,0.3851221203804016
1,29,28,0,0,1,0.204375,64,-1,0.37776076793670654
1,30,29,0,0,1,0.200914,65,-1,0.38649338483810425
1,31,30,0,0,1,0.279366,66,-1,0.3423331081867218
1,32,31,0,0,1,0.2867,67,-1,0.3325909674167633
1,33,32,0,0,1,0.290837,68,-1,0.3391420841217041
1,34,33,0,0,4,0.273591,69,-1,0.2903151214122772
2,0,2,1,0,0,0.005888,2,-1,0.6706381440162659
2,1,1,1,0,0,0.000958,37,-1,0.6899430155754089
2,3,1,1,0,0,0.00212,73,-1,0.6833320260047913
2,4,2,1,0,0,0.006138,74,-1,0.6658607721328735
2,5,3,1,0,0,0.005266,75,-1,0.641700267791748
2,6,4,1,0,0,0.00611,76,-1,0.6526296734809875
2,7,5,1,0,0,0.002089,77,-1,0.6576537489891052
2,8,6,0,0,3,0.0056,78,-1,0.6578071713447571
2,9,7,0,0,3,0.006691,79,-1,0.6529492139816284
2,10,8,0,0,3,0.006584,80,-1,0.6493939161300659
2,11,9,0,0,3,0.005785,81,-1,0.6504586935043335
2,12,10,0,0,5,0.039349,82,-1,0.6301806569099426
2,13,11,0,0,5,0.022172,83,-1,0.6529098153114319
2,14,12,0,0,5,0.04045,84,-1,0.5271868109703064
2,15,13,0,0,5,0.04356,85,-1,0.5251143574714661
2,16,14,0,0,5,0.05576,86,-1,0.5127031803131104
2,17,15,0,0,5,0.057337,87,-1,0.5087940096855164
2,18,16,0,0,5,0.05019,88,-1,0.5180519223213196
2,19,17,0,0,5,0.050672,89,-1,0.5143669843673706
2,20,18,0,0,2,0.063581,90,-1,0.45875316858291626
2,21,19,0,0,2,0.084796,91,-1,0.4617288112640381
2,22,20,0,0,2,0.128408,92,-1,0.40081557631492615
2,23,21,0,0,6,0.129923,93,-1,0.3848091959953308
2,24,22,0,0,6,0.108423,94,-1,0.40039023756980896
2,25,23,0,0,6,0.13289,95,-1,0.39985111355781555
2,26,24,0,0,6,0.149479,96,-1,0.3916827142238617
2,27,25,0,0,6,0.14902,97,-1,0.4073546826839447
2,28,26,0,0,1,0.178039,98,-1,0.39015328884124756
2,29,27,0,0,1,0.196229,99,-1,0.3865751624107361
2,30,28,0,0,1,0.192224,100,-1,0.39490988850593567
2,31,29,0,0,1,0.26774,101,-1,0.34743988513946533
2,32,30,0,0,1,0.274363,102,-1,0.3422899544239044
2,33,31,0,0,1,0.276786,103,-1,0.35379689931869507
2,34,32,0,0,4,0.264036,104,-1,0.29481208324432373
3,0,3,1,0,0,0.001947,3,-1,0.6603878736495972
3,1,2,1,0,0,0.001594,38,-1,0.6795507073402405
3,2,1,1,0,0,0.00212,73,-1,0.6808966398239136
3,4,1,1,0,0,0.001271,109,-1,0.6610418558120728
3,5,2,1,0,0,0.001188,110,-1,0.6393915414810181
3,6,3,1,0,0,0.002164,111,-1,0.6403598785400391
3,7,4,1,0,0,0.002726,112,-1,0.653693437576294
3,8,5,0,0,3,0.003501,113,-1,0.6484297513961792
3,9,6,0,0,3,0.003513,114,-1,0.6370753049850464
3,10,7,0,0,3,0.003367,115,-1,0.6410737633705139
3,11,8,0,0,3,0.004618,116,-1,0.6399353742599487
3,12,9,0,0,5,0.039606,117,-1,0.6238638162612915
3,13,10,0,0,5,0.026146,118,-1,0.6427010297775269
3,14,11,0,0,5,0.045469,119,-1,0.523006021976471
3,15,12,0,0,5,0.046092,120,-1,0.5239883661270142
3,16,13,0,0,5,0.058905,121,-1,0.501460611820221
3,17,14,0,0,5,0.062175,122,-1,0.49674153327941895
3,18,15,0,0,5,0.057457,123,-1,0.5065774917602539
3,19,16,0,0,5,0.056817,124,-1,0.5064585208892822
3,20,17,0,0,2,0.07547,125,-1,0.4491081237792969
3,21,18,0,0,2,0.100478,126,-1,0.45058390498161316
3,22,19,0,0,2,0.148828,127,-1,0.39367738366127014
3,23,20,0,0,6,0.151808,128,-1,0.3749157786369324
3,24,21,0,0,6,0.127669,129,-1,0.39317092299461365
3,25,22,0,0,6,0.15329,130,-1,0.3938072919845581
3,26,23,0,0,6,0.170209,131,-1,0.3839270770549774
3,27,24,0,0,6,0.169255,132,-1,0.40591710805892944
3,28,25,0,0,1,0.199556,133,-1,0.3903351128101349
3,29,26,0,0,1,0.218439,134,-1,0.3816092908382416
3,30,27,0,0,1,0.214146,135,-1,0.3875043988227844
3,31,28,0,0,1,0.29245,136,-1,0.3462688624858856
3,32,29,0,0,1,0.299127,137,-1,0.33932751417160034
3,33,30,0,0,1,0.302907,138,-1,0.3500121533870697
3,34,31,0,0,4,0.289317,139,-1,0.2836819291114807
4,0,4,1,0,0,0.000945,4,-1,0.637840211391449
4,1,3,1,0,0,0.003751,39,-1,0.6559839844703674
4,2,2,1,0,0,0.006138,74,-1,0.6574645638465881
4,3,1,1,0,0,0.001271,109,-1,0.6607714295387268
4,5,1,1,0,0,0.000814,145,-1,0.6301305294036865
4,6,2,1,0,0,0.001381,146,-1,0.6357187628746033
4,7,3,1,0,0,0.004681,147,-1,0.6432765126228333
4,8,4,0,0,3,0.003177,148,-1,0.6287569999694824
4,9,5,0,0,3,0.002623,149,-1,0.6328805685043335
4,10,6,0,0,3,0.002087,150,-1,0.6338310837745667
4,11,7,0,0,3,0.00466,151,-1,0.6244708895683289
4,12,8,0,0,5,0.039588,152,-1,0.6151770949363708
4,13,9,0,0,5,0.02947,153,-1,0.631430447101593
4,14,10,0,0,5,0.049095,154,-1,0.5086034536361694
4,15,11,0,0,5,0.048695,155,-1,0.5146320462226868
4,16,12,0,0,5,0.061273,156,-1,0.4868582785129547
4,17,13,0,0,5,0.065795,157,-1,0.49113717675209045
4,18,14,0,0,5,0.061992,158,-1,0.5020473003387451
4,19,15,0,0,5,0.060331,159,-1,0.49815258383750916
4,20,16,0,0,2,0.082201,160,-1,0.44145339727401733
4,21,17,0,0,2,0.109907,161,-1,0.4461000859737396
4,22,18,0,0,2,0.160984,162,-1,0.392982542514801
4,23,19,0,0,6,0.167804,163,-1,0.37632206082344055
4,24,20,0,0,6,0.142792,164,-1,0.38796305656433105
4,25,21,0,0,6,0.169868,165,-1,0.3918842077255249
4,26,22,0,0,6,0.187032,166,-1,0.3847224712371826
4,27,23,0,0,6,0.187096,167,-1,0.40183499455451965
4,28,24,0,0,1,0.219061,168,-1,0.3822450637817383
4,29,25,0,0,1,0.23884,169,-1,0.37449589371681213
4,30,26,0,0,1,0.234755,170,-1,0.38500919938087463
4,31,27,0,0,1,0.316769,171,-1,0.3443974554538727
4,32,28,0,0,1,0.324149,172,-1,0.3383256196975708
4,33,29,0,0,1,0.329599,173,-1,0.34686097502708435
4,34,30,0,0,4,0.312772,174,-1,0.2842079699039459
5,0,5,1,0,0,0.003147,5,-1,0.6352964043617249
5,1,4,1,0,0,0.003333,40,-1,0.6462008357048035
5,2,3,1,0,0,0.005266,75,-1,0.6454300880432129
5,3,2,1,0,0,0.001188,110,-1,0.6522564888000488
5,4,1,1,0,0,0.000814,145,-1,0.638435959815979
5,6,1,1,0,0,0.000781,181,-1,0.6374111771583557
5,7,2,1,0,0,0.003719,182,-1,0.6446722745895386
5,8,3,0,0,3,0.003512,183,-1,0.6304036974906921
5,9,4,0,0,3,0.003009,184,-1,0.6227139830589294
5,10,5,0,0,3,0.002603,185,-1,0.6399521827697754
5,11,6,0,0,3,0.003476,186,-1,0.6197242140769958
5,12,7,0,0,5,0.037533,187,-1,0.6140465140342712
5,13,8,0,0,5,0.024108,188,-1,0.6285144686698914
5,14,9,0,0,5,0.042247,189,-1,0.5026702880859375
5,15,10,0,0,5,0.043635,190,-1,0.5143533945083618
5,16,11,0,0,5,0.055594,191,-1,0.4863981604576111
5,17,12,0,0,5,0.061011,192,-1,0.4965747594833374
5,18,13,0,0,5,0.058499,193,-1,0.5001934766769409
5,19,14,0,0,5,0.056838,194,-1,0.4980926215648651
5,20,15,0,0,2,0.078938,195,-1,0.43976259231567383
5,21,16,0,0,2,0.104423,196,-1,0.44376498460769653
5,22,17,0,0,2,0.153841,197,-1,0.39371588826179504
5,23,18,0,0,6,0.157031,198,-1,0.37791815400123596
5,24,19,0,0,6,0.132778,199,-1,0.38933104276657104
5,25,20,0,0,6,0.157163,200,-1,0.3930381238460541
5,26,21,0,0,6,0.173874,201,-1,0.3813280165195465
5,27,22,0,0,6,0.17421,202,-1,0.39759597182273865
5,28,23,0,0,1,0.205402,203,-1,0.38306495547294617
5,29,24,0,0,1,0.225143,204,-1,0.3757305443286896
5,30,25,0,0,1,0.222045,205,-1,0.3859958052635193
5,31,26,0,0,1,0.301466,206,-1,0.34465476870536804
5,32,27,0,0,1,0.307729,207,-1,0.3360164761543274
5,33,28,0,0,1,0.312708,208,-1,0.3488529920578003
5,34,29,0,0,4,0.289557,209,-1,0.28673258423805237
6,0,6,1,0,0,0.003617,6,-1,0.6336366534233093
6,1,5,1,0,0,0.003156,41,-1,0.6535263061523438
6,2,4,1,0,0,0.00611,76,-1,0.6483767032623291
6,3,3,1,0,0,0.002164,111,-1,0.6530933380126953
6,4,2,1,0,0,0.001381,146,-1,0.6397457718849182
6,5,1,1,0,0,0.000781,181,-1,0.6316407322883606
6,7,1,1,0,0,0.002664,217,-1,0.6454079747200012
6,8,2,0,0,3,0.001437,218,-1,0.6199362277984619
6,9,3,0,0,3,0.000949,219,-1,0.628572940826416
6,10,4,0,0,3,0.001041,220,-1,0.6310577988624573
6,11,5,0,0,3,0.002134,221,-1,0.6225675940513611
6,12,6,0,0,5,0.030965,222,-1,0.6152578592300415
6,13,7,0,0,5,0.020544,223,-1,0.6375516653060913
6,14,8,0,0,5,0.038963,224,-1,0.508692741394043
6,15,9,0,0,5,0.040001,225,-1,0.5113587975502014
6,16,10,0,0,5,0.051674,226,-1,0.4871191680431366
6,17,11,0,0,5,0.056143,227,-1,0.49489086866378784
6,18,12,0,0,5,0.053683,228,-1,0.5009453296661377
6,19,13,0,0,5,0.052107,229,-1,0.4967288374900818
6,20,14,0,0,2,0.073843,230,-1,0.44135281443595886
6,21,15,0,0,2,0.099053,231,-1,0.44549867510795593
6,22,16,0,0,2,0.14751,232,-1,0.39433932304382324
6,23,17,0,0,6,0.151758,233,-1,0.3782452642917633
6,24,18,0,0,6,0.127508,234,-1,0.3909248411655426
6,25,19,0,0,6,0.152132,235,-1,0.392079621553421
6,26,20,0,0,6,0.168398,236,-1,0.38397127389907837
6,27,21,0,0,6,0.168665,237,-1,0.39669615030288696
6,28,22,0,0,1,0.199453,238,-1,0.37810826301574707
6,29,23,0,0,1,0.218849,239,-1,0.37088295817375183
6,30,24,0,0,1,0.215468,240,-1,0.386935830116272
6,31,25,0,0,1,0.294889,241,-1,0.33883151412010193
6,32,26,0,0,1,0.301731,242,-1,0.3305518329143524
6,33,27,0,0,1,0.307507,243,-1,0.3380291163921356
6,34,28,0,0,4,0.28757,244,-1,0.2862718403339386
7,0,7,1,0,0,0.005351,7,-1,0.6509118676185608
7,1,6,1,0,0,0.000436,42,-1,0.6724731922149658
7,2,5,1,0,0,0.002089,77,-1,0.6735613942146301
7,3,4,1,0,0,0.002726,112,-1,0.6715954542160034
7,4,3,1,0,0,0.004681,147,-1,0.653693437576294
7,5,2,1,0,0,0.003719,182,-1,0.6415229439735413
7,6,1,1,0,0,0.002664,217,-1,0.6405312418937683
7,8,1,0,0,3,0.001437,253,-1,0.666626513004303
7,9,2,0,0,3,0.002247,254,-1,0.6477090716362
7,10,3,0,0,3,0.002182,255,-1,0.6573167443275452
7,11,4,0,0,3,0.001238,256,-1,0.6463417410850525
7,12,5,0,0,5,0.028056,257,-1,0.6218836307525635
7,13,6,0,0,5,0.0145,258,-1,0.6411410570144653
7,14,7,0,0,5,0.031876,259,-1,0.5214239358901978
7,15,8,0,0,5,0.035715,260,-1,0.522451639175415
7,16,9,0,0,5,0.046525,261,-1,0.5020225048065186
7,17,10,0,0,5,0.04896,262,-1,0.5120031833648682
7,18,11,0,0,5,0.043384,263,-1,0.5164048075675964
7,19,12,0,0,5,0.042898,264,-1,0.5185078978538513
7,20,13,0,0,2,0.058339,265,-1,0.45513883233070374
7,21,14,0,0,2,0.079925,266,-1,0.4609600603580475
7,22,15,0,0,2,0.123514,267,-1,0.4026813805103302
7,23,16,0,0,6,0.127783,268,-1,0.3895453214645386
7,24,17,0,0,6,0.106511,269,-1,0.4037235677242279
7,25,18,0,0,6,0.130526,270,-1,0.40821415185928345
7,26,19,0,0,6,0.146495,271,-1,0.3982624113559723
7,27,20,0,0,6,0.147844,272,-1,0.4136267304420471
7,28,21,0,0,1,0.177749,273,-1,0.39677029848098755
7,29,22,0,0,1,0.196625,274,-1,0.39359617233276367
7,30,23,0,0,1,0.193604,275,-1,0.40343454480171204
7,31,24,0,0,1,0.271333,276,-1,0.35907939076423645
7,32,25,0,0,1,0.278603,277,-1,0.35023728013038635
7,33,26,0,0,1,0.283415,278,-1,0.3617786765098572
7,34,27,0,0,4,0.264008,279,-1,0.2904769778251648
8,0,8,0,3,0,0.003732,8,-1,0.6518712639808655
8,1,7,0,3,0,0.002236,43,-1,0.6696287989616394
8,2,6,0,3,0,0.0056,78,-1,0.6700707674026489
8,3,5,0,3,0,0.003501,113,-1,0.6641815304756165
8,4,4,0,3,0,0.003177,148,-1,0.6511895060539246
8,5,3,0,3,0,0.003512,183,-1,0.633829653263092
8,6,2,0,3,0,0.001437,218,-1,0.633938729763031
8,7,1,0,3,0,0.001437,253,-1,0.6654422879219055
8,9,1,1,3,3,0.000167,289,-1,0.6487308740615845
8,10,2,1,3,3,0.00037,290,-1,0.6580023169517517
8,11,3,1,3,3,0.001469,291,-1,0.647709846496582
8,12,4,0,3,5,0.025125,292,-1,0.6271993517875671
8,13,5,0,3,5,0.017599,293,-1,0.6448520421981812
8,14,6,0,3,5,0.036334,294,-1,0.5220385789871216
8,15,7,0,3,5,0.037786,295,-1,0.5212209224700928
8,16,8,0,3,5,0.048901,296,-1,0.5055442452430725
8,17,9,0,3,5,0.051206,297,-1,0.5060167908668518
8,18,10,0,3,5,0.046572,298,-1,0.5164626836776733
8,19,11,0,3,5,0.045493,299,-1,0.5158839821815491
8,20,12,0,3,2,0.063787,300,-1,0.4563676118850708
8,21,13,0,3,2,0.088135,301,-1,0.4597505033016205
8,22,14,0,3,2,0.134152,302,-1,0.40111657977104187
8,23,15,0,3,6,0.14173,303,-1,0.384831964969635
8,24,16,0,3,6,0.118739,304,-1,0.40366923809051514
8,25,17,0,3,6,0.144654,305,-1,0.4042990207672119
8,26,18,0,3,6,0.160583,306,-1,0.3940819501876831
8,27,19,0,3,6,0.161562,307,-1,0.41084444522857666
8,28,20,0,3,1,0.19216,308,-1,0.3969581127166748
8,29,21,0,3,1,0.211158,309,-1,0.38821953535079956
8,30,22,0,3,1,0.20738,310,-1,0.3989644944667816
8,31,23,0,3,1,0.287729,311,-1,0.35518497228622437
8,32,24,0,3,1,0.295984,312,-1,0.34706753492355347
8,33,25,0,3,1,0.302493,313,-1,0.35769495368003845
8,34,26,0,3,4,0.287637,314,-1,0.28971657156944275
9,0,9,0,3,0,0.00359,9,-1,0.6401720643043518
9,1,8,0,3,0,0.003088,44,-1,0.6599050164222717
9,2,7,0,3,0,0.006691,79,-1,0.6609087586402893
9,3,6,0,3,0,0.003513,114,-1,0.6560899019241333
9,4,5,0,3,0,0.002623,149,-1,0.6413109302520752
9,5,4,0,3,0,0.003009,184,-1,0.6267778873443604
9,6,3,0,3,0,0.000949,219,-1,0.6386815309524536
9,7,2,0,3,0,0.002247,254,-1,0.6501768827438354
9,8,1,1,3,3,0.000167,289,-1,0.6456729173660278
9,10,1,1,3,3,0.000348,325,-1,0.6459198594093323
9,11,2,1,3,3,0.001978,326,-1,0.6380506753921509
9,12,3,0,3,5,0.025875,327,-1,0.6151069402694702
9,13,4,0,3,5,0.019219,328,-1,0.6309481859207153
9,14,5,0,3,5,0.038307,329,-1,0.5100090503692627
9,15,6,0,3,5,0.038926,330,-1,0.5135068893432617
9,16,7,0,3,5,0.050345,331,-1,0.4913254976272583
9,17,8,0,3,5,0.05301,332,-1,0.4930092692375183
9,18,9,0,3,5,0.049202,333,-1,0.5053500533103943
9,19,10,0,3,5,0.047934,334,-1,0.5035844445228577
9,20,11,0,3,2,0.067716,335,-1,0.4462718963623047
9,21,12,0,3,2,0.092863,336,-1,0.4550341069698334
9,22,13,0,3,2,0.139986,337,-1,0.3987105190753937
9,23,14,0,3,6,0.1472,338,-1,0.3842933475971222
9,24,15,0,3,6,0.123373,339,-1,0.3986310660839081
9,25,16,0,3,6,0.149369,340,-1,0.3981983959674835
9,26,17,0,3,6,0.165329,341,-1,0.3875027596950531
9,27,18,0,3,6,0.1658,342,-1,0.4050198793411255
9,28,19,0,3,1,0.196417,343,-1,0.38853082060813904
9,29,20,0,3,1,0.215416,344,-1,0.38125985860824585
9,30,21,0,3,1,0.211439,345,-1,0.38927385210990906
9,31,22,0,3,1,0.291842,346,-1,0.34785959124565125
9,32,23,0,3,1,0.299939,347,-1,0.34502309560775757
9,33,24,0,3,1,0.30659,348,-1,0.3517124354839325
9,34,25,0,3,4,0.292514,349,-1,0.2763678729534149
10,0,10,0,3,0,0.002866,10,-1,0.6469587087631226
10,1,9,0,3,0,0.002732,45,-1,0.6652340292930603
10,2,8,0,3,0,0.006584,80,-1,0.658904492855072
10,3,7,0,3,0,0.003367,115,-1,0.6597071886062622
10,4,6,0,3,0,0.002087,150,-1,0.6516361832618713
10,5,5,0,3,0,0.002603,185,-1,0.6298124194145203
10,6,4,0,3,0,0.001041,220,-1,0.6413128972053528
10,7,3,0,3,0,0.002182,255,-1,0.6527448296546936
10,8,2,1,3,3,0.00037,290,-1,0.6501069664955139
10,9,1,1,3,3,0.000348,325,-1,0.6413009762763977
10,11,1,1,3,3,0.001315,361,-1,0.6491119861602783
10,12,2,0,3,5,0.027904,362,-1,0.6184203028678894
10,13,3,0,3,5,0.019724,363,-1,0.6397331953048706
10,14,4,0,3,5,0.038154,364,-1,0.5157659649848938
10,15,5,0,3,5,0.039772,365,-1,0.5219045877456665
10,16,6,0,3,5,0.050726,366,-1,0.49635177850723267
10,17,7,0,3,5,0.054318,367,-1,0.49634748697280884
10,18,8,0,3,5,0.049988,368,-1,0.5120143890380859
10,19,9,0,3,5,0.04832,369,-1,0.5124025344848633
10,20,10,0,3,2,0.068201,370,-1,0.4496649503707886
10,21,11,0,3,2,0.093786,371,-1,0.45740121603012085
10,22,12,0,3,2,0.141456,372,-1,0.40027889609336853
10,23,13,0,3,6,0.150368,373,-1,0.38302332162857056
10,24,14,0,3,6,0.127255,374,-1,0.4013303518295288
10,25,15,0,3,6,0.153556,375,-1,0.40240293741226196
10,26,16,0,3,6,0.169866,376,-1,0.3897901773452759
10,27,17,0,3,6,0.17171,377,-1,0.40435755252838135
10,28,18,0,3,1,0.203467,378,-1,0.38879695534706116
10,29,19,0,3,1,0.223217,379,-1,0.3833758533000946
10,30,20,0,3,1,0.219923,380,-1,0.389905720949173
10,31,21,0,3,1,0.302159,381,-1,0.3496904671192169
10,32,22,0,3,1,0.310383,382,-1,0.3399242162704468
10,33,23,0,3,1,0.317228,383,-1,0.3511415421962738
10,34,24,0,3,4,0.297438,384,-1,0.28239890933036804
11,0,11,0,3,0,0.006325,11,-1,0.6461817026138306
11,1,10,0,3,0,0.002366,46,-1,0.662954568862915
11,2,9,0,3,0,0.005785,81,-1,0.6614965200424194
11,3,8,0,3,0,0.004618,116,-1,0.658641517162323
11,4,7,0,3,0,0.00466,151,-1,0.6428614854812622
11,5,6,0,3,0,0.003476,186,-1,0.6303020119667053
11,6,5,0,3,0,0.002134,221,-1,0.6311070322990417
11,7,4,0,3,0,0.001238,256,-1,0.653061032295227
11,8,3,1,3,3,0.001469,291,-1,0.6505175232887268
11,9,2,1,3,3,0.001978,326,-1,0.6397324204444885
11,10,1,1,3,3,0.001315,361,-1,0.6462694406509399
11,12,1,0,3,5,0.02504,397,-1,0.6151638627052307
11,13,2,0,3,5,0.012375,398,-1,0.6396797895431519
11,14,3,0,3,5,0.028372,399,-1,0.5184233784675598
11,15,4,0,3,5,0.033476,400,-1,0.5177459716796875
11,16,5,0,3,5,0.042953,401,-1,0.49481746554374695
11,17,6,0,3,5,0.047382,402,-1,0.49516957998275757
11,18,7,0,3,5,0.043333,403,-1,0.5132973194122314
11,19,8,0,3,5,0.041646,404,-1,0.5123016834259033
11,20,9,0,3,2,0.060096,405,-1,0.44529595971107483
11,21,10,0,3,2,0.082401,406,-1,0.45553895831108093
11,22,11,0,3,2,0.126859,407,-1,0.398725301027298
11,23,12,0,3,6,0.133521,408,-1,0.38391590118408203
11,24,13,0,3,6,0.112677,409,-1,0.40226539969444275
11,25,14,0,3,6,0.136043,410,-1,0.40064162015914917
11,26,15,0,3,6,0.151804,411,-1,0.3904784917831421
11,27,16,0,3,6,0.155401,412,-1,0.4043193757534027
11,28,17,0,3,1,0.186786,413,-1,0.3934983015060425
11,29,18,0,3,1,0.206815,414,-1,0.38267505168914795
11,30,19,0,3,1,0.205216,415,-1,0.39041924476623535
11,31,20,0,3,1,0.285529,416,-1,0.3508794903755188
11,32,21,0,3,1,0.292975,417,-1,0.3431876301765442
11,33,22,0,3,1,0.299623,418,-1,0.35487526655197144
11,34,23,0,3,4,0.269267,419,-1,0.28177526593208313
12,0,12,0,5,0,0.042011,12,-1,0.6401189565658569
12,1,11,0,5,0,0.033407,47,-1,0.6707755923271179
12,2,10,0,5,0,0.039349,82,-1,0.6551802158355713
12,3,9,0,5,0,0.039606,117,-1,0.6576057076454163
12,4,8,0,5,0,0.039588,152,-1,0.642152726650238
12,5,7,0,5,0,0.037533,187,-1,0.6160567402839661
12,6,6,0,5,0,0.030965,222,-1,0.6698248386383057
12,7,5,0,5,0,0.028056,257,-1,0.6513256430625916
12,8,4,0,5,3,0.025125,292,-1,0.6512390375137329
12,9,3,0,5,3,0.025875,327,-1,0.6448997855186462
12,10,2,0,5,3,0.027904,362,-1,0.6496774554252625
12,11,1,0,5,3,0.02504,397,-1,0.6530866622924805
12,13,1,1,5,5,0.011801,433,-1,0.7332766652107239
12,14,2,1,5,5,0.025762,434,-1,0.5712941884994507
12,15,3,1,5,5,0.032607,435,-1,0.5672635436058044
12,16,4,1,5,5,0.036856,436,-1,0.5636049509048462
12,17,5,1,5,5,0.033926,437,-1,0.5435521006584167
12,18,6,1,5,5,0.034297,438,-1,0.5654072761535645
12,19,7,1,5,5,0.03327,439,-1,0.5567525029182434
12,20,8,0,5,2,0.048227,440,-1,0.5052323341369629
12,21,9,0,5,2,0.060187,441,-1,0.5110158920288086
12,22,10,0,5,2,0.08585,442,-1,0.48637908697128296
12,23,11,0,5,6,0.095567,443,-1,0.43521544337272644
12,24,12,0,5,6,0.078309,444,-1,0.46482500433921814
12,25,13,0,5,6,0.095113,445,-1,0.4687918424606323
12,26,14,0,5,6,0.102811,446,-1,0.472891628742218
12,27,15,0,5,6,0.107705,447,-1,0.49362051486968994
12,28,16,0,5,1,0.130815,448,-1,0.4726811647415161
12,29,17,0,5,1,0.145968,449,-1,0.47247377038002014
12,30,18,0,5,1,0.144717,450,-1,0.4745590388774872
12,31,19,0,5,1,0.215614,451,-1,0.4261760413646698
12,32,20,0,5,1,0.227633,452,-1,0.41957294940948486
12,33,21,0,5,1,0.244763,453,-1,0.43296894431114197
12,34,22,0,5,4,0.231365,454,-1,0.3482278287410736
13,0,13,0,5,0,0.033541,13,-1,0.6597177982330322
13,1,12,0,5,0,0.018942,48,-1,0.6870086193084717
13,2,11,0,5,0,0.022172,83,-1,0.672356903553009
13,3,10,0,5,0,0.026146,118,-1,0.6676450967788696
13,4,9,0,5,0,0.02947,153,-1,0.6556942462921143
13,5,8,0,5,0,0.024108,188,-1,0.6350899338722229
13,6,7,0,5,0,0.020544,223,-1,0.672492504119873
13,7,6,0,5,0,0.0145,258,-1,0.6809110045433044
13,8,5,0,5,3,0.017599,293,-1,0.6626005172729492
13,9,4,0,5,3,0.019219,328,-1,0.6515368223190308
13,10,3,0,5,3,0.019724,363,-1,0.6591370105743408
13,11,2,0,5,3,0.012375,398,-1,0.6516233086585999
13,12,1,1,5,5,0.011801,433,-1,0.7371864318847656
13,14,1,1,5,5,0.010511,469,-1,0.5700820088386536
13,15,2,1,5,5,0.022865,470,-1,0.5644235014915466
13,16,3,1,5,5,0.027555,471,-1,0.5557143688201904
13,17,4,1,5,5,0.030021,472,-1,0.5470794439315796
13,18,5,1,5,5,0.02875,473,-1,0.5619485974311829
13,19,6,1,5,5,0.027724,474,-1,0.5531566739082336
13,20,7,0,5,2,0.041407,475,-1,0.49709001183509827
13,21,8,0,5,2,0.052062,476,-1,0.4991377294063568
13,22,9,0,5,2,0.081824,477,-1,0.46215519309043884
13,23,10,0,5,6,0.082736,478,-1,0.4218912124633789
13,24,11,0,5,6,0.067571,479,-1,0.4450390934944153
13,25,12,0,5,6,0.081688,480,-1,0.45548149943351746
13,26,13,0,5,6,0.092965,481,-1,0.4468235373497009
13,27,14,0,5,6,0.099362,482,-1,0.46153751015663147
13,28,15,0,5,1,0.125615,483,-1,0.43896570801734924
13,29,16,0,5,1,0.14363,484,-1,0.4384070932865143
13,30,17,0,5,1,0.145137,485,-1,0.4458456039428711
13,31,18,0,5,1,0.215408,486,-1,0.3983057737350464
13,32,19,0,5,1,0.222489,487,-1,0.3839799761772156
13,33,20,0,5,1,0.231967,488,-1,0.40502047538757324
13,34,21,0,5,4,0.190762,489,-1,0.3294141888618469
14,0,14,0,5,0,0.054237,14,-1,0.5499123334884644
14,1,13,0,5,0,0.036952,49,-1,0.568408727645874
14,2,12,0,5,0,0.04045,84,-1,0.591532289981842
14,3,11,0,5,0,0.045469,119,-1,0.5566890835762024
14,4,10,0,5,0,0.049095,154,-1,0.5377522110939026
14,5,9,0,5,0,0.042247,189,-1,0.5462387800216675
14,6,8,0,5,0,0.038963,224,-1,0.5473776459693909
14,7,7,0,5,0,0.031876,259,-1,0.5641564726829529
14,8,6,0,5,3,0.036334,294,-1,0.5551939606666565
14,9,5,0,5,3,0.038307,329,-1,0.5458616018295288
14,10,4,0,5,3,0.038154,364,-1,0.5450664162635803
14,11,3,0,5,3,0.028372,399,-1,0.5507503151893616
14,12,2,1,5,5,0.025762,434,-1,0.5809914469718933
14,13,1,1,5,5,0.010511,469,-1,0.5885331630706787
14,15,1,1,5,5,0.006912,505,-1,0.5630407333374023
14,16,2,1,5,5,0.007609,506,-1,0.5616865754127502
14,17,3,1,5,5,0.011204,507,-1,0.5483839511871338
14,18,4,1,5,5,0.012201,508,-1,0.5672487616539001
14,19,5,1,5,5,0.010613,509,-1,0.5482738018035889
14,20,6,0,5,2,0.02296,510,-1,0.49480006098747253
14,21,7,0,5,2,0.0305,511,-1,0.5036768913269043
14,22,8,0,5,2,0.05752,512,-1,0.4572545886039734
14,23,9,0,5,6,0.058644,513,-1,0.42491838335990906
14,24,10,0,5,6,0.047292,514,-1,0.4436078667640686
14,25,11,0,5,6,0.059003,515,-1,0.44616973400115967
14,26,12,0,5,6,0.069384,516,-1,0.4380815327167511
14,27,13,0,5,6,0.077788,517,-1,0.452488511800766
14,28,14,0,5,1,0.104152,518,-1,0.4364667534828186
14,29,15,0,5,1,0.122388,519,-1,0.429949551820755
14,30,16,0,5,1,0.127209,520,-1,0.4391293525695801
14,31,17,0,5,1,0.196983,521,-1,0.39118486642837524
14,32,18,0,5,1,0.203506,522,-1,0.37988463044166565
14,33,19,0,5,1,0.214927,523,-1,0.400479257106781
14,34,20,0,5,4,0.164599,524,-1,0.3323122262954712
15,0,15,0,5,0,0.053092,15,-1,0.5420888066291809
15,1,14,0,5,0,0.040134,50,-1,0.5547686815261841
15,2,13,0,5,0,0.04356,85,-1,0.5560814738273621
15,3,12,0,5,0,0.046092,120,-1,0.5454860329627991
15,4,11,0,5,0,0.048695,155,-1,0.5376968383789062
15,5,10,0,5,0,0.043635,190,-1,0.5175879001617432
15,6,9,0,5,0,0.040001,225,-1,0.5498785376548767
15,7,8,0,5,0,0.035715,260,-1,0.5506924390792847
15,8,7,0,5,3,0.037786,295,-1,0.5476474761962891
15,9,6,0,5,3,0.038926,330,-1,0.5344117283821106
15,10,5,0,5,3,0.039772,365,-1,0.5500639081001282
15,11,4,0,5,3,0.033476,400,-1,0.5574128031730652
15,12,3,1,5,5,0.032607,435,-1,0.5676823854446411
15,13,2,1,5,5,0.022865,470,-1,0.5705219507217407
15,14,1,1,5,5,0.006912,505,-1,0.5886952877044678
15,16,1,1,5,5,0.00123,541,-1,0.5922597050666809
15,17,2,1,5,5,0.002752,542,-1,0.5755374431610107
15,18,3,1,5,5,0.00553,543,-1,0.5968433022499084
15,19,4,1,5,5,0.004361,544,-1,0.5733437538146973
15,20,5,0,5,2,0.017568,545,-1,0.5181635618209839
15,21,6,0,5,2,0.028693,546,-1,0.5295617580413818
15,22,7,0,5,2,0.060334,547,-1,0.4728756844997406
15,23,8,0,5,6,0.062565,548,-1,0.44764959812164307
15,24,9,0,5,6,0.048666,549,-1,0.4529426693916321
15,25,10,0,5,6,0.064384,550,-1,0.4657309055328369
15,26,11,0,5,6,0.07529,551,-1,0.45810064673423767
15,27,12,0,5,6,0.079159,552,-1,0.465801477432251
15,28,13,0,5,1,0.105112,553,-1,0.459358811378479
15,29,14,0,5,1,0.122069,554,-1,0.452167809009552
15,30,15,0,5,1,0.125244,555,-1,0.4523206055164337
15,31,16,0,5,1,0.196379,556,-1,0.405034601688385
15,32,17,0,5,1,0.203368,557,-1,0.4021433889865875
15,33,18,0,5,1,0.215456,558,-1,0.4190862476825714
15,34,19,0,5,4,0.187729,559,-1,0.33100077509880066
16,0,16,0,5,0,0.066057,16,-1,0.5379176735877991
16,1,15,0,5,0,0.051599,51,-1,0.561484158039093
16,2,14,0,5,0,0.05576,86,-1,0.5473748445510864
16,3,13,0,5,0,0.058905,121,-1,0.5549283027648926
16,4,12,0,5,0,0.061273,156,-1,0.5360336303710938
16,5,11,0,5,0,0.055594,191,-1,0.523483157157898
16,6,10,0,5,0,0.051674,226,-1,0.5494402647018433
16,7,9,0,5,0,0.046525,261,-1,0.5515491962432861
16,8,8,0,5,3,0.048901,296,-1,0.5478154420852661
16,9,7,0,5,3,0.050345,331,-1,0.5426746606826782
16,10,6,0,5,3,0.050726,366,-1,0.5429558753967285
16,11,5,0,5,3,0.042953,401,-1,0.543951153755188
16,12,4,1,5,5,0.036856,436,-1,0.579212486743927
16,13,3,1,5,5,0.027555,471,-1,0.5833150148391724
16,14,2,1,5,5,0.007609,506,-1,0.6033818125724792
16,15,1,1,5,5,0.00123,541,-1,0.6180873513221741
16,17,1,1,5,5,0.00186,577,-1,0.5925356149673462
16,18,2,1,5,5,0.005487,578,-1,0.6181907653808594
16,19,3,1,5,5,0.003846,579,-1,0.5922284722328186
16,20,4,0,5,2,0.016213,580,-1,0.533918559551239
16,21,5,0,5,2,0.025113,581,-1,0.5443673729896545
16,22,6,0,5,2,0.053623,582,-1,0.48765048384666443
16,23,7,0,5,6,0.057658,583,-1,0.4604407250881195
16,24,8,0,5,6,0.046245,584,-1,0.4711945652961731
16,25,9,0,5,6,0.060301,585,-1,0.48293179273605347
16,26,10,0,5,6,0.070144,586,-1,0.4778140187263489
16,27,11,0,5,6,0.076264,587,-1,0.48980090022087097
16,28,12,0,5,1,0.10216,588,-1,0.47485077381134033
16,29,13,0,5,1,0.119269,589,-1,0.46673962473869324
16,30,14,0,5,1,0.124248,590,-1,0.4752677381038666
16,31,15,0,5,1,0.195332,591,-1,0.4180763065814972
16,32,16,0,5,1,0.202743,592,-1,0.41708192229270935
16,33,17,0,5,1,0.216821,593,-1,0.4394338130950928
16,34,18,0,5,4,0.181685,594,-1,0.35497477650642395
17,0,17,0,5,0,0.069022,17,-1,0.54395991563797
17,1,16,0,5,0,0.053966,52,-1,0.5583356618881226
17,2,15,0,5,0,0.057337,87,-1,0.5618821978569031
17,3,14,0,5,0,0.062175,122,-1,0.5494656562805176
17,4,13,0,5,0,0.065795,157,-1,0.5426416993141174
17,5,12,0,5,0,0.061011,192,-1,0.5403109192848206
17,6,11,0,5,0,0.056143,227,-1,0.5524767637252808
17,7,10,0,5,0,0.04896,262,-1,0.5636321902275085
17,8,9,0,5,3,0.051206,297,-1,0.5694539546966553
17,9,8,0,5,3,0.05301,332,-1,0.5435594916343689
17,10,7,0,5,3,0.054318,367,-1,0.561281144618988
17,11,6,0,5,3,0.047382,402,-1,0.5530831813812256
17,12,5,1,5,5,0.033926,437,-1,0.5712016820907593
17,13,4,1,5,5,0.030021,472,-1,0.5802126526832581
17,14,3,1,5,5,0.011204,507,-1,0.604388952255249
17,15,2,1,5,5,0.002752,542,-1,0.6165571808815002
17,16,1,1,5,5,0.00186,577,-1,0.6062348484992981
17,18,1,1,5,5,0.002256,613,-1,0.6208848357200623
17,19,2,1,5,5,0.001834,614,-1,0.6102906465530396
17,20,3,0,5,2,0.010311,615,-1,0.5367940664291382
17,21,4,0,5,2,0.017698,616,-1,0.551964282989502
17,22,5,0,5,2,0.042658,617,-1,0.48786649107933044
17,23,6,0,5,6,0.047449,618,-1,0.4650439918041229
17,24,7,0,5,6,0.036203,619,-1,0.4723554253578186
17,25,8,0,5,6,0.051207,620,-1,0.48015445470809937
17,26,9,0,5,6,0.060002,621,-1,0.46446019411087036
17,27,10,0,5,6,0.064369,622,-1,0.4825965464115143
17,28,11,0,5,1,0.087941,623,-1,0.46954137086868286
17,29,12,0,5,1,0.103184,624,-1,0.460369348526001
17,30,13,0,5,1,0.106567,625,-1,0.4665848910808563
17,31,14,0,5,1,0.175327,626,-1,0.41978102922439575
17,32,15,0,5,1,0.184125,627,-1,0.4134407639503479
17,33,16,0,5,1,0.19887,628,-1,0.4371175765991211
17,34,17,0,5,4,0.179963,629,-1,0.3426363468170166
18,0,18,0,5,0,0.062854,18,-1,0.5547680854797363
18,1,17,0,5,0,0.047466,53,-1,0.5657141208648682
18,2,16,0,5,0,0.05019,88,-1,0.562481164932251
18,3,15,0,5,0,0.057457,123,-1,0.5571111440658569
18,4,14,0,5,0,0.061992,158,-1,0.5384942293167114
18,5,13,0,5,0,0.058499,193,-1,0.5303041338920593
18,6,12,0,5,0,0.053683,228,-1,0.5530486702919006
18,7,11,0,5,0,0.043384,263,-1,0.5638902187347412
18,8,10,0,5,3,0.046572,298,-1,0.560745894908905
18,9,9,0,5,3,0.049202,333,-1,0.540239691734314
18,10,8,0,5,3,0.049988,368,-1,0.5453727841377258
18,11,7,0,5,3,0.043333,403,-1,0.5631393194198608
18,12,6,1,5,5,0.034297,438,-1,0.5839672684669495
18,13,5,1,5,5,0.02875,473,-1,0.5761021971702576
18,14,4,1,5,5,0.012201,508,-1,0.59395831823349
18,15,3,1,5,5,0.00553,543,-1,0.6035526990890503
18,16,2,1,5,5,0.005487,578,-1,0.5992733836174011
18,17,1,1,5,5,0.002256,613,-1,0.5866577625274658
18,19,1,1,5,5,0.000334,649,-1,0.6024684309959412
18,20,2,0,5,2,0.003911,650,-1,0.5260182023048401
18,21,3,0,5,2,0.011699,651,-1,0.5536022782325745
18,22,4,0,5,2,0.036102,652,-1,0.4816586971282959
18,23,5,0,5,6,0.044672,653,-1,0.45963799953460693
18,24,6,0,5,6,0.034672,654,-1,0.47579658031463623
18,25,7,0,5,6,0.052666,655,-1,0.47648298740386963
18,26,8,0,5,6,0.062633,656,-1,0.46533599495887756
18,27,9,0,5,6,0.067823,657,-1,0.483452707529068
18,28,10,0,5,1,0.09254,658,-1,0.46991798281669617
18,29,11,0,5,1,0.108117,659,-1,0.4551287591457367
18,30,12,0,5,1,0.110606,660,-1,0.4669981896877289
18,31,13,0,5,1,0.181956,661,-1,0.4122864902019501
18,32,14,0,5,1,0.191804,662,-1,0.4051608443260193
18,33,15,0,5,1,0.205001,663,-1,0.42286381125450134
18,34,16,0,5,4,0.189568,664,-1,0.3453770577907562
19,0,19,0,5,0,0.061631,19,-1,0.5480871796607971
19,1,18,0,5,0,0.047135,54,-1,0.5693489909172058
19,2,17,0,5,0,0.050672,89,-1,0.5663273930549622
19,3,16,0,5,0,0.056817,124,-1,0.5489445924758911
19,4,15,0,5,0,0.060331,159,-1,0.5443859100341797
19,5,14,0,5,0,0.056838,194,-1,0.5296399593353271
19,6,13,0,5,0,0.052107,229,-1,0.5531622767448425
19,7,12,0,5,0,0.042898,264,-1,0.5684412121772766
19,8,11,0,5,3,0.045493,299,-1,0.556585431098938
19,9,10,0,5,3,0.047934,334,-1,0.540849506855011
19,10,9,0,5,3,0.04832,369,-1,0.5466058254241943
19,11,8,0,5,3,0.041646,404,-1,0.5410603880882263
19,12,7,1,5,5,0.03327,439,-1,0.5991106033325195
19,13,6,1,5,5,0.027724,474,-1,0.588568925857544
19,14,5,1,5,5,0.010613,509,-1,0.5950833559036255
19,15,4,1,5,5,0.004361,544,-1,0.6105470657348633
19,16,3,1,5,5,0.003846,579,-1,0.6030241847038269
19,17,2,1,5,5,0.001834,614,-1,0.5975117683410645
19,18,1,1,5,5,0.000334,649,-1,0.6246659159660339
19,20,1,0,5,2,0.005546,685,-1,0.5419017672538757
19,21,2,0,5,2,0.014226,686,-1,0.5470613837242126
19,22,3,0,5,2,0.039909,687,-1,0.4948548972606659
19,23,4,0,5,6,0.049565,688,-1,0.4657920300960541
19,24,5,0,5,6,0.039455,689,-1,0.4788763225078583
19,25,6,0,5,6,0.057349,690,-1,0.48158517479896545
19,26,7,0,5,6,0.067428,691,-1,0.47300392389297485
19,27,8,0,5,6,0.073613,692,-1,0.4871958792209625
19,28,9,0,5,1,0.09932,693,-1,0.47292283177375793
19,29,10,0,5,1,0.115612,694,-1,0.4649178087711334
19,30,11,0,5,1,0.118756,695,-1,0.4703039526939392
19,31,12,0,5,1,0.191753,696,-1,0.4162926971912384
19,32,13,0,5,1,0.20158,697,-1,0.4069514572620392
19,33,14,0,5,1,0.215502,698,-1,0.4336203932762146
19,34,15,0,5,4,0.194403,699,-1,0.3487212657928467
20,0,20,0,2,0,0.080982,20,-1,0.5225576162338257
20,1,19,0,2,0,0.06207,55,-1,0.543878436088562
20,2,18,0,2,0,0.063581,90,-1,0.5301375985145569
20,3,17,0,2,0,0.07547,125,-1,0.5158781409263611
20,4,16,0,2,0,0.082201,160,-1,0.5023272037506104
20,5,15,0,2,0,0.078938,195,-1,0.4841291010379791
20,6,14,0,2,0,0.073843,230,-1,0.5158190727233887
20,7,13,0,2,0,0.058339,265,-1,0.5203447937965393
20,8,12,0,2,3,0.063787,300,-1,0.5264260172843933
20,9,11,0,2,3,0.067716,335,-1,0.5029991865158081
20,10,10,0,2,3,0.068201,370,-1,0.5061893463134766
20,11,9,0,2,3,0.060096,405,-1,0.5128235220909119
20,12,8,0,2,5,0.048227,440,-1,0.5609518885612488
20,13,7,0,2,5,0.041407,475,-1,0.5482036471366882
20,14,6,0,2,5,0.02296,510,-1,0.5628683567047119
20,15,5,0,2,5,0.017568,545,-1,0.5648170709609985
20,16,4,0,2,5,0.016213,580,-1,0.5632908344268799
20,17,3,0,2,5,0.010311,615,-1,0.5642232298851013
20,18,2,0,2,5,0.003911,650,-1,0.5934395790100098
20,19,1,0,2,5,0.005546,685,-1,0.5836688280105591
20,21,1,1,2,2,0.003623,721,-1,0.5909378528594971
20,22,2,1,2,2,0.021001,722,-1,0.5630889534950256
20,23,3,0,2,6,0.033196,723,-1,0.5144170522689819
20,24,4,0,2,6,0.027784,724,-1,0.5083621144294739
20,25,5,0,2,6,0.04652,725,-1,0.5030921101570129
20,26,6,0,2,6,0.056041,726,-1,0.5125448703765869
20,27,7,0,2,6,0.06283,727,-1,0.5041173100471497
20,28,8,0,2,1,0.086563,728,-1,0.4873589277267456
20,29,9,0,2,1,0.101249,729,-1,0.4746384918689728
20,30,10,0,2,1,0.103965,730,-1,0.47363606095314026
20,31,11,0,2,1,0.174086,731,-1,0.4217490255832672
20,32,12,0,2,1,0.18525,732,-1,0.406512975692749
20,33,13,0,2,1,0.197975,733,-1,0.43290844559669495
20,34,14,0,2,4,0.186734,734,-1,0.33409181237220764
21,0,21,0,2,0,0.109493,21,-1,0.5184111595153809
21,1,20,0,2,0,0.084605,56,-1,0.5337044596672058
21,2,19,0,2,0,0.084796,91,-1,0.5303998589515686
21,3,18,0,2,0,0.100478,126,-1,0.5091989040374756
21,4,17,0,2,0,0.109907,161,-1,0.4982023239135742
21,5,16,0,2,0,0.104423,196,-1,0.489639014005661
21,6,15,0,2,0,0.099053,231,-1,0.5201221704483032
21,7,14,0,2,0,0.079925,266,-1,0.5310428738594055
21,8,13,0,2,3,0.088135,301,-1,0.5300697684288025
21,9,12,0,2,3,0.092863,336,-1,0.5094776153564453
21,10,11,0,2,3,0.093786,371,-1,0.5146811604499817
21,11,10,0,2,3,0.082401,406,-1,0.5155164003372192
21,12,9,0,2,5,0.060187,441,-1,0.5600222945213318
21,13,8,0,2,5,0.052062,476,-1,0.5582175254821777
21,14,7,0,2,5,0.0305,511,-1,0.5606308579444885
21,15,6,0,2,5,0.028693,546,-1,0.5713768601417542
21,16,5,0,2,5,0.025113,581,-1,0.5608535408973694
21,17,4,0,2,5,0.017698,616,-1,0.5645294189453125
21,18,3,0,2,5,0.011699,651,-1,0.5857543349266052
21,19,2,0,2,5,0.014226,686,-1,0.5806070566177368
21,20,1,1,2,2,0.003623,721,-1,0.5671214461326599
21,22,1,1,2,2,0.007726,757,-1,0.5652360916137695
21,23,2,0,2,6,0.016423,758,-1,0.5171981453895569
21,24,3,0,2,6,0.015079,759,-1,0.5153146982192993
21,25,4,0,2,6,0.028801,760,-1,0.5053777694702148
21,26,5,0,2,6,0.03582,761,-1,0.5116457343101501
21,27,6,0,2,6,0.043724,762,-1,0.5036328434944153
21,28,7,0,2,1,0.063772,763,-1,0.4837615489959717
21,29,8,0,2,1,0.076704,764,-1,0.48655271530151367
21,30,9,0,2,1,0.08087,765,-1,0.4741862416267395
21,31,10,0,2,1,0.143461,766,-1,0.42748451232910156
21,32,11,0,2,1,0.154329,767,-1,0.41015246510505676
21,33,12,0,2,1,0.167698,768,-1,0.43169134855270386
21,34,13,0,2,4,0.153629,769,-1,0.34603217244148254
22,0,22,0,2,0,0.160482,22,-1,0.4870160222053528
22,1,21,0,2,0,0.129323,57,-1,0.5116552710533142
22,2,20,0,2,0,0.128408,92,-1,0.49779847264289856
22,3,19,0,2,0,0.148828,127,-1,0.4859309792518616
22,4,18,0,2,0,0.160984,162,-1,0.4758610129356384
22,5,17,0,2,0,0.153841,197,-1,0.468212753534317
22,6,16,0,2,0,0.14751,232,-1,0.4906071424484253
22,7,15,0,2,0,0.123514,267,-1,0.4996923804283142
22,8,14,0,2,3,0.134152,302,-1,0.49470242857933044
22,9,13,0,2,3,0.139986,337,-1,0.48770326375961304
22,10,12,0,2,3,0.141456,372,-1,0.48695433139801025
22,11,11,0,2,3,0.126859,407,-1,0.4960256814956665
22,12,10,0,2,5,0.08585,442,-1,0.579048752784729
22,13,9,0,2,5,0.081824,477,-1,0.5486966967582703
22,14,8,0,2,5,0.05752,512,-1,0.5411614179611206
22,15,7,0,2,5,0.060334,547,-1,0.5374698638916016
22,16,6,0,2,5,0.053623,582,-1,0.5481935739517212
22,17,5,0,2,5,0.042658,617,-1,0.5377200841903687
22,18,4,0,2,5,0.036102,652,-1,0.5627676248550415
22,19,3,0,2,5,0.039909,687,-1,0.5644176602363586
22,20,2,1,2,2,0.021001,722,-1,0.5663480162620544
22,21,1,1,2,2,0.007726,757,-1,0.5897059440612793
22,23,1,0,2,6,0.008575,793,-1,0.5463691353797913
22,24,2,0,2,6,0.013349,794,-1,0.538304328918457
22,25,3,0,2,6,0.021603,795,-1,0.5360223054885864
22,26,4,0,2,6,0.024296,796,-1,0.549185037612915
22,27,5,0,2,6,0.034298,797,-1,0.5428779721260071
22,28,6,0,2,1,0.048665,798,-1,0.5268195867538452
22,29,7,0,2,1,0.058452,799,-1,0.5256115198135376
22,30,8,0,2,1,0.063883,800,-1,0.5148084163665771
22,31,9,0,2,1,0.11666,801,-1,0.4658646285533905
22,32,10,0,2,1,0.129004,802,-1,0.45990636944770813
22,33,11,0,2,1,0.145293,803,-1,0.469533234834671
22,34,12,0,2,4,0.133922,804,-1,0.36819469928741455
23,0,23,0,6,0,0.170421,23,-1,0.4752140939235687
23,1,22,0,6,0,0.13409,58,-1,0.5089372396469116
23,2,21,0,6,0,0.129923,93,-1,0.49496933817863464
23,3,20,0,6,0,0.151808,128,-1,0.4852948784828186
23,4,19,0,6,0,0.167804,163,-1,0.4748713970184326
23,5,18,0,6,0,0.157031,198,-1,0.4692384600639343
23,6,17,0,6,0,0.151758,233,-1,0.494344562292099
23,7,16,0,6,0,0.127783,268,-1,0.4956314265727997
23,8,15,0,6,3,0.14173,303,-1,0.5046352744102478
23,9,14,0,6,3,0.1472,338,-1,0.4918496906757355
23,10,13,0,6,3,0.150368,373,-1,0.499743789434433
23,11,12,0,6,3,0.133521,408,-1,0.5046417713165283
23,12,11,0,6,5,0.095567,443,-1,0.5661069750785828
23,13,10,0,6,5,0.082736,478,-1,0.5539765954017639
23,14,9,0,6,5,0.058644,513,-1,0.542114794254303
23,15,8,0,6,5,0.062565,548,-1,0.5478059649467468
23,16,7,0,6,5,0.057658,583,-1,0.5352418422698975
23,17,6,0,6,5,0.047449,618,-1,0.5441883206367493
23,18,5,0,6,5,0.044672,653,-1,0.5686818361282349
23,19,4,0,6,5,0.049565,688,-1,0.5593076348304749
23,20,3,0,6,2,0.033196,723,-1,0.543410062789917
23,21,2,0,6,2,0.016423,758,-1,0.5817970037460327
23,22,1,0,6,2,0.008575,793,-1,0.5774305462837219
23,24,1,1,6,6,0.002294,829,-1,0.5825502872467041
23,25,2,1,6,6,0.003805,830,-1,0.5686172246932983
23,26,3,1,6,6,0.006002,831,-1,0.5660834908485413
23,27,4,1,6,6,0.010868,832,-1,0.5559660792350769
23,28,5,0,6,1,0.020706,833,-1,0.5472142696380615
23,29,6,0,6,1,0.028601,834,-1,0.5381230115890503
23,30,7,0,6,1,0.033664,835,-1,0.5314269065856934
23,31,8,0,6,1,0.073771,836,-1,0.4969468414783478
23,32,9,0,6,1,0.081197,837,-1,0.4872031509876251
23,33,10,0,6,1,0.092292,838,-1,0.4988898038864136
23,34,11,0,6,4,0.082515,839,-1,0.3954888582229614
24,0,24,0,6,0,0.1457,24,-1,0.4723806381225586
24,1,23,0,6,0,0.112515,59,-1,0.5034708976745605
24,2,22,0,6,0,0.108423,94,-1,0.4968999922275543
24,3,21,0,6,0,0.127669,129,-1,0.48320770263671875
24,4,20,0,6,0,0.142792,164,-1,0.4789000153541565
24,5,19,0,6,0,0.132778,199,-1,0.464237242937088
24,6,18,0,6,0,0.127508,234,-1,0.49223047494888306
24,7,17,0,6,0,0.106511,269,-1,0.4967954456806183
24,8,16,0,6,3,0.118739,304,-1,0.49896806478500366
24,9,15,0,6,3,0.123373,339,-1,0.48725175857543945
24,10,14,0,6,3,0.127255,374,-1,0.48928067088127136
24,11,13,0,6,3,0.112677,409,-1,0.4992583692073822
24,12,12,0,6,5,0.078309,444,-1,0.5655065774917603
24,13,11,0,6,5,0.067571,479,-1,0.546190083026886
24,14,10,0,6,5,0.047292,514,-1,0.5268541574478149
24,15,9,0,6,5,0.048666,549,-1,0.5202816128730774
24,16,8,0,6,5,0.046245,584,-1,0.5205078721046448
24,17,7,0,6,5,0.036203,619,-1,0.5227497816085815
24,18,6,0,6,5,0.034672,654,-1,0.5497196316719055
24,19,5,0,6,5,0.039455,689,-1,0.5338152647018433
24,20,4,0,6,2,0.027784,724,-1,0.5316145420074463
24,21,3,0,6,2,0.015079,759,-1,0.5534027218818665
24,22,2,0,6,2,0.013349,794,-1,0.5537363290786743
24,23,1,1,6,6,0.002294,829,-1,0.5776016116142273
24,25,1,1,6,6,0.003271,865,-1,0.5611136555671692
24,26,2,1,6,6,0.006511,866,-1,0.5553638935089111
24,27,3,1,6,6,0.008187,867,-1,0.5560587644577026
24,28,4,0,6,1,0.018455,868,-1,0.5485188961029053
24,29,5,0,6,1,0.026423,869,-1,0.5362293720245361
24,30,6,0,6,1,0.029474,870,-1,0.5396906137466431
24,31,7,0,6,1,0.070903,871,-1,0.511669933795929
24,32,8,0,6,1,0.077782,872,-1,0.493430495262146
24,33,9,0,6,1,0.087845,873,-1,0.5075570940971375
24,34,10,0,6,4,0.087074,874,-1,0.391893208026886
25,0,25,0,6,0,0.175075,25,-1,0.4766007959842682
25,1,24,0,6,0,0.137639,60,-1,0.5066176056861877
25,2,23,0,6,0,0.13289,95,-1,0.49825960397720337
25,3,22,0,6,0,0.15329,130,-1,0.4875349700450897
25,4,21,0,6,0,0.169868,165,-1,0.4844213128089905
25,5,20,0,6,0,0.157163,200,-1,0.4750638008117676
25,6,19,0,6,0,0.152132,235,-1,0.49318158626556396
25,7,18,0,6,0,0.130526,270,-1,0.5018796920776367
25,8,17,0,6,3,0.144654,305,-1,0.49865812063217163
25,9,16,0,6,3,0.149369,340,-1,0.4964296817779541
25,10,15,0,6,3,0.153556,375,-1,0.498373806476593
25,11,14,0,6,3,0.136043,410,-1,0.5059283971786499
25,12,13,0,6,5,0.095113,445,-1,0.5710517168045044
25,13,12,0,6,5,0.081688,480,-1,0.5599126815795898
25,14,11,0,6,5,0.059003,515,-1,0.5320031046867371
25,15,10,0,6,5,0.064384,550,-1,0.5211527347564697
25,16,9,0,6,5,0.060301,585,-1,0.5190567970275879
25,17,8,0,6,5,0.051207,620,-1,0.5192180275917053
25,18,7,0,6,5,0.052666,655,-1,0.5391965508460999
25,19,6,0,6,5,0.057349,690,-1,0.539118766784668
25,20,5,0,6,2,0.04652,725,-1,0.5210227370262146
25,21,4,0,6,2,0.028801,760,-1,0.5475345849990845
25,22,3,0,6,2,0.021603,795,-1,0.5546789169311523
25,23,2,1,6,6,0.003805,830,-1,0.5686749219894409
25,24,1,1,6,6,0.003271,865,-1,0.5731827616691589
25,26,1,1,6,6,0.000972,901,-1,0.5764442086219788
25,27,2,1,6,6,0.003238,902,-1,0.576999843120575
25,28,3,0,6,1,0.010261,903,-1,0.5647417306900024
25,29,4,0,6,1,0.017089,904,-1,0.5658026337623596
25,30,5,0,6,1,0.022,905,-1,0.563614010810852
25,31,6,0,6,1,0.055114,906,-1,0.5372284054756165
25,32,7,0,6,1,0.0602,907,-1,0.5285125970840454
25,33,8,0,6,1,0.070542,908,-1,0.5388393402099609
25,34,9,0,6,4,0.059978,909,-1,0.41964244842529297
26,0,26,0,6,0,0.192611,26,-1,0.47257480025291443
26,1,25,0,6,0,0.154157,61,-1,0.5067157745361328
26,2,24,0,6,0,0.149479,96,-1,0.4917072355747223
26,3,23,0,6,0,0.170209,131,-1,0.48526647686958313
26,4,22,0,6,0,0.187032,166,-1,0.4743216335773468
26,5,21,0,6,0,0.173874,201,-1,0.46476465463638306
26,6,20,0,6,0,0.168398,236,-1,0.48949435353279114
26,7,19,0,6,0,0.146495,271,-1,0.49768197536468506
26,8,18,0,6,3,0.160583,306,-1,0.489136666059494
26,9,17,0,6,3,0.165329,341,-1,0.49266836047172546
26,10,16,0,6,3,0.169866,376,-1,0.4862903356552124
26,11,15,0,6,3,0.151804,411,-1,0.4997926950454712
26,12,14,0,6,5,0.102811,446,-1,0.5802505016326904
26,13,13,0,6,5,0.092965,481,-1,0.5552754998207092
26,14,12,0,6,5,0.069384,516,-1,0.5312936902046204
26,15,11,0,6,5,0.07529,551,-1,0.5190209150314331
26,16,10,0,6,5,0.070144,586,-1,0.5205873250961304
26,17,9,0,6,5,0.060002,621,-1,0.5233030319213867
26,18,8,0,6,5,0.062633,656,-1,0.5450009107589722
26,19,7,0,6,5,0.067428,691,-1,0.5340594053268433
26,20,6,0,6,2,0.056041,726,-1,0.5296400189399719
26,21,5,0,6,2,0.03582,761,-1,0.5528138279914856
26,22,4,0,6,2,0.024296,796,-1,0.5662720799446106
26,23,3,1,6,6,0.006002,831,-1,0.5584886074066162
26,24,2,1,6,6,0.006511,866,-1,0.5617496371269226
26,25,1,1,6,6,0.000972,901,-1,0.5790692567825317
26,27,1,1,6,6,0.002525,937,-1,0.5824942588806152
26,28,2,0,6,1,0.007257,938,-1,0.5724883675575256
26,29,3,0,6,1,0.012802,939,-1,0.5718898773193359
26,30,4,0,6,1,0.018087,940,-1,0.5668370127677917
26,31,5,0,6,1,0.047523,941,-1,0.5372927188873291
26,32,6,0,6,1,0.053209,942,-1,0.5299869179725647
26,33,7,0,6,1,0.065594,943,-1,0.5386031270027161
26,34,8,0,6,4,0.057006,944,-1,0.42078158259391785
27,0,27,0,6,0,0.192655,27,-1,0.4825294613838196
27,1,26,0,6,0,0.155128,62,-1,0.508674681186676
27,2,25,0,6,0,0.14902,97,-1,0.5020186305046082
27,3,24,0,6,0,0.169255,132,-1,0.5044230818748474
27,4,23,0,6,0,0.187096,167,-1,0.4927821159362793
27,5,22,0,6,0,0.17421,202,-1,0.47743386030197144
27,6,21,0,6,0,0.168665,237,-1,0.5009475350379944
27,7,20,0,6,0,0.147844,272,-1,0.5105619430541992
27,8,19,0,6,3,0.161562,307,-1,0.5024042129516602
27,9,18,0,6,3,0.1658,342,-1,0.5000119805335999
27,10,17,0,6,3,0.17171,377,-1,0.4995139241218567
27,11,16,0,6,3,0.155401,412,-1,0.5027620196342468
27,12,15,0,6,5,0.107705,447,-1,0.5848435163497925
27,13,14,0,6,5,0.099362,482,-1,0.554205060005188
27,14,13,0,6,5,0.077788,517,-1,0.5419557690620422
27,15,12,0,6,5,0.079159,552,-1,0.5285038352012634
27,16,11,0,6,5,0.076264,587,-1,0.5308164358139038
27,17,10,0,6,5,0.064369,622,-1,0.530671238899231
27,18,9,0,6,5,0.067823,657,-1,0.5446904301643372
27,19,8,0,6,5,0.073613,692,-1,0.5414072871208191
27,20,7,0,6,2,0.06283,727,-1,0.5322145819664001
27,21,6,0,6,2,0.043724,762,-1,0.5477991104125977
27,22,5,0,6,2,0.034298,797,-1,0.563302755355835
27,23,4,1,6,6,0.010868,832,-1,0.5604766607284546
27,24,3,1,6,6,0.008187,867,-1,0.5575096011161804
27,25,2,1,6,6,0.003238,902,-1,0.586287260055542
27,26,1,1,6,6,0.002525,937,-1,0.5926085710525513
27,28,1,0,6,1,0.002369,973,-1,0.582487165927887
27,29,2,0,6,1,0.006139,974,-1,0.5816419720649719
27,30,3,0,6,1,0.00891,975,-1,0.5854032635688782
27,31,4,0,6,1,0.03393,976,-1,0.5544365048408508
27,32,5,0,6,1,0.038447,977,-1,0.5444621443748474
27,33,6,0,6,1,0.048349,978,-1,0.5603549480438232
27,34,7,0,6,4,0.058612,979,-1,0.4398757517337799
28,0,28,0,1,0,0.224972,28,-1,0.4627005159854889
28,1,27,0,1,0,0.185421,63,-1,0.4868909418582916
28,2,26,0,1,0,0.178039,98,-1,0.48537224531173706
28,3,25,0,1,0,0.199556,133,-1,0.48463451862335205
28,4,24,0,1,0,0.219061,168,-1,0.4644469618797302
28,5,23,0,1,0,0.205402,203,-1,0.46134474873542786
28,6,22,0,1,0,0.199453,238,-1,0.47598257660865784
28,7,21,0,1,0,0.177749,273,-1,0.4870010316371918
28,8,20,0,1,3,0.19216,308,-1,0.48785582184791565
28,9,19,0,1,3,0.196417,343,-1,0.48990052938461304
28,10,18,0,1,3,0.203467,378,-1,0.47680819034576416
28,11,17,0,1,3,0.186786,413,-1,0.48702967166900635
28,12,16,0,1,5,0.130815,448,-1,0.5739805102348328
28,13,15,0,1,5,0.125615,483,-1,0.5399287939071655
28,14,14,0,1,5,0.104152,518,-1,0.5325750112533569
28,15,13,0,1,5,0.105112,553,-1,0.5291761159896851
28,16,12,0,1,5,0.10216,588,-1,0.5286332964897156
28,17,11,0,1,5,0.087941,623,-1,0.5222136378288269
28,18,10,0,1,5,0.09254,658,-1,0.5428411960601807
28,19,9,0,1,5,0.09932,693,-1,0.5419953465461731
28,20,8,0,1,2,0.086563,728,-1,0.5242756605148315
28,21,7,0,1,2,0.063772,763,-1,0.5436825752258301
28,22,6,0,1,2,0.048665,798,-1,0.5594631433486938
28,23,5,0,1,6,0.020706,833,-1,0.5551695227622986
28,24,4,0,1,6,0.018455,868,-1,0.5720129609107971
28,25,3,0,1,6,0.010261,903,-1,0.5914139747619629
28,26,2,0,1,6,0.007257,938,-1,0.5972344875335693
28,27,1,0,1,6,0.002369,973,-1,0.6038739681243896
28,29,1,1,1,1,0.000933,1009,-1,0.5988851189613342
28,30,2,1,1,1,0.002882,1010,-1,0.5922899842262268
28,31,3,1,1,1,0.018874,1011,-1,0.5781464576721191
28,32,4,1,1,1,0.022982,1012,-1,0.5640000700950623
28,33,5,1,1,1,0.032905,1013,-1,0.5824909210205078
28,34,6,0,1,4,0.054986,1014,-1,0.45657679438591003
29,0,29,0,1,0,0.244563,29,-1,0.4543132483959198
29,1,28,0,1,0,0.204375,64,-1,0.4857882857322693
29,2,27,0,1,0,0.196229,99,-1,0.4833256006240845
29,3,26,0,1,0,0.218439,134,-1,0.4840609133243561
29,4,25,0,1,0,0.23884,169,-1,0.471248596906662
29,5,24,0,1,0,0.225143,204,-1,0.46020203828811646
29,6,23,0,1,0,0.218849,239,-1,0.4787212908267975
29,7,22,0,1,0,0.196625,274,-1,0.48853936791419983
29,8,21,0,1,3,0.211158,309,-1,0.4758501946926117
29,9,20,0,1,3,0.215416,344,-1,0.4823625981807709
29,10,19,0,1,3,0.223217,379,-1,0.4790591597557068
29,11,18,0,1,3,0.206815,414,-1,0.4858081638813019
29,12,17,0,1,5,0.145968,449,-1,0.5665304660797119
29,13,16,0,1,5,0.14363,484,-1,0.5365045070648193
29,14,15,0,1,5,0.122388,519,-1,0.5182167291641235
29,15,14,0,1,5,0.122069,554,-1,0.5163782238960266
29,16,13,0,1,5,0.119269,589,-1,0.5041001439094543
29,17,12,0,1,5,0.103184,624,-1,0.5095466375350952
29,18,11,0,1,5,0.108117,659,-1,0.5285428762435913
29,19,10,0,1,5,0.115612,694,-1,0.5193893313407898
29,20,9,0,1,2,0.101249,729,-1,0.5051683187484741
29,21,8,0,1,2,0.076704,764,-1,0.5340916514396667
29,22,7,0,1,2,0.058452,799,-1,0.5486453175544739
29,23,6,0,1,6,0.028601,834,-1,0.5481804609298706
29,24,5,0,1,6,0.026423,869,-1,0.5533084869384766
29,25,4,0,1,6,0.017089,904,-1,0.5779814720153809
29,26,3,0,1,6,0.012802,939,-1,0.5905854105949402
29,27,2,0,1,6,0.006139,974,-1,0.5942661762237549
29,28,1,1,1,1,0.000933,1009,-1,0.5886014103889465
29,30,1,1,1,1,0.001073,1045,-1,0.5856673717498779
29,31,2,1,1,1,0.012075,1046,-1,0.5675058960914612
29,32,3,1,1,1,0.016261,1047,-1,0.5604345202445984
29,33,4,1,1,1,0.026268,1048,-1,0.5760732293128967
29,34,5,0,1,4,0.058719,1049,-1,0.4438886046409607
30,0,30,0,1,0,0.239619,30,-1,0.46041139960289
30,1,29,0,1,0,0.200914,65,-1,0.48808372020721436
30,2,28,0,1,0,0.192224,100,-1,0.48091962933540344
30,3,27,0,1,0,0.214146,135,-1,0.4774686098098755
30,4,26,0,1,0,0.234755,170,-1,0.46055856347084045
30,5,25,0,1,0,0.222045,205,-1,0.45622384548187256
30,6,24,0,1,0,0.215468,240,-1,0.47889915108680725
30,7,23,0,1,0,0.193604,275,-1,0.48540523648262024
30,8,22,0,1,3,0.20738,310,-1,0.48651692271232605
30,9,21,0,1,3,0.211439,345,-1,0.47833824157714844
30,10,20,0,1,3,0.219923,380,-1,0.47815075516700745
30,11,19,0,1,3,0.205216,415,-1,0.4818103611469269
30,12,18,0,1,5,0.144717,450,-1,0.5666951537132263
30,13,17,0,1,5,0.145137,485,-1,0.5271894335746765
30,14,16,0,1,5,0.127209,520,-1,0.5112035870552063
30,15,15,0,1,5,0.125244,555,-1,0.4995694160461426
30,16,14,0,1,5,0.124248,590,-1,0.5037099719047546
30,17,13,0,1,5,0.106567,625,-1,0.513116180896759
30,18,12,0,1,5,0.110606,660,-1,0.5282334685325623
30,19,11,0,1,5,0.118756,695,-1,0.5140430331230164
30,20,10,0,1,2,0.103965,730,-1,0.4971946179866791
30,21,9,0,1,2,0.08087,765,-1,0.5249375104904175
30,22,8,0,1,2,0.063883,800,-1,0.5349442958831787
30,23,7,0,1,6,0.033664,835,-1,0.5419178605079651
30,24,6,0,1,6,0.029474,870,-1,0.5509624481201172
30,25,5,0,1,6,0.022,905,-1,0.5703251957893372
30,26,4,0,1,6,0.018087,940,-1,0.5786092877388
30,27,3,0,1,6,0.00891,975,-1,0.5851248502731323
30,28,2,1,1,1,0.002882,1010,-1,0.5836289525032043
30,29,1,1,1,1,0.001073,1045,-1,0.589297354221344
30,31,1,1,1,1,0.010363,1081,-1,0.5727086663246155
30,32,2,1,1,1,0.014849,1082,-1,0.5664350390434265
30,33,3,1,1,1,0.023759,1083,-1,0.5777996182441711
30,34,4,0,1,4,0.069633,1084,-1,0.44883131980895996
31,0,31,0,1,0,0.323269,31,-1,0.41755443811416626
31,1,30,0,1,0,0.279366,66,-1,0.4481326937675476
31,2,29,0,1,0,0.26774,101,-1,0.4438633918762207
31,3,28,0,1,0,0.29245,136,-1,0.44198980927467346
31,4,27,0,1,0,0.316769,171,-1,0.43808192014694214
31,5,26,0,1,0,0.301466,206,-1,0.425838440656662
31,6,25,0,1,0,0.294889,241,-1,0.44397690892219543
31,7,24,0,1,0,0.271333,276,-1,0.45539018511772156
31,8,23,0,1,3,0.287729,311,-1,0.45240601897239685
31,9,22,0,1,3,0.291842,346,-1,0.4541318416595459
31,10,21,0,1,3,0.302159,381,-1,0.4576374590396881
31,11,20,0,1,3,0.285529,416,-1,0.4558185040950775
31,12,19,0,1,5,0.215614,451,-1,0.5239567756652832
31,13,18,0,1,5,0.215408,486,-1,0.49725183844566345
31,14,17,0,1,5,0.196983,521,-1,0.48189112544059753
31,15,16,0,1,5,0.196379,556,-1,0.4813217222690582
31,16,15,0,1,5,0.195332,591,-1,0.46991202235221863
31,17,14,0,1,5,0.175327,626,-1,0.4729715883731842
31,18,13,0,1,5,0.181956,661,-1,0.5013065338134766
31,19,12,0,1,5,0.191753,696,-1,0.48824232816696167
31,20,11,0,1,2,0.174086,731,-1,0.4619676172733307
31,21,10,0,1,2,0.143461,766,-1,0.5007078051567078
31,22,9,0,1,2,0.11666,801,-1,0.5107359886169434
31,23,8,0,1,6,0.073771,836,-1,0.5243597626686096
31,24,7,0,1,6,0.070903,871,-1,0.5365113615989685
31,25,6,0,1,6,0.055114,906,-1,0.55906081199646
31,26,5,0,1,6,0.047523,941,-1,0.5670704245567322
31,27,4,0,1,6,0.03393,976,-1,0.5697763562202454
31,28,3,1,1,1,0.018874,1011,-1,0.575103759765625
31,29,2,1,1,1,0.012075,1046,-1,0.5818910598754883
31,30,1,1,1,1,0.010363,1081,-1,0.5798313021659851
31,32,1,1,1,1,0.001179,1117,-1,0.5725736618041992
31,33,2,1,1,1,0.006986,1118,-1,0.591412365436554
31,34,3,0,1,4,0.065773,1119,-1,0.4495945870876312
32,0,32,0,1,0,0.331761,32,-1,0.4081205427646637
32,1,31,0,1,0,0.2867,67,-1,0.43611034750938416
32,2,30,0,1,0,0.274363,102,-1,0.4276498854160309
32,3,29,0,1,0,0.299127,137,-1,0.42515838146209717
32,4,28,0,1,0,0.324149,172,-1,0.4147945046424866
32,5,27,0,1,0,0.307729,207,-1,0.4183753728866577
32,6,26,0,1,0,0.301731,242,-1,0.42125555872917175
32,7,25,0,1,0,0.278603,277,-1,0.4304563105106354
32,8,24,0,1,3,0.295984,312,-1,0.4280316233634949
32,9,23,0,1,3,0.299939,347,-1,0.4306483566761017
32,10,22,0,1,3,0.310383,382,-1,0.43628421425819397
32,11,21,0,1,3,0.292975,417,-1,0.4322131276130676
32,12,20,0,1,5,0.227633,452,-1,0.501147985458374
32,13,19,0,1,5,0.222489,487,-1,0.4840940237045288
32,14,18,0,1,5,0.203506,522,-1,0.47130677103996277
32,15,17,0,1,5,0.203368,557,-1,0.46235716342926025
32,16,16,0,1,5,0.202743,592,-1,0.45756882429122925
32,17,15,0,1,5,0.184125,627,-1,0.46470537781715393
32,18,14,0,1,5,0.191804,662,-1,0.48142799735069275
32,19,13,0,1,5,0.20158,697,-1,0.4632553160190582
32,20,12,0,1,2,0.18525,732,-1,0.43747588992118835
32,21,11,0,1,2,0.154329,767,-1,0.4659269154071808
32,22,10,0,1,2,0.129004,802,-1,0.4755660593509674
32,23,9,0,1,6,0.081197,837,-1,0.4936214089393616
32,24,8,0,1,6,0.077782,872,-1,0.5025752186775208
32,25,7,0,1,6,0.0602,907,-1,0.5276995301246643
32,26,6,0,1,6,0.053209,942,-1,0.5401143431663513
32,27,5,0,1,6,0.038447,977,-1,0.5460886359214783
32,28,4,1,1,1,0.022982,1012,-1,0.5508332252502441
32,29,3,1,1,1,0.016261,1047,-1,0.5538699626922607
32,30,2,1,1,1,0.014849,1082,-1,0.5602564215660095
32,31,1,1,1,1,0.001179,1117,-1,0.5677916407585144
32,33,1,1,1,1,0.002969,1153,-1,0.5833896994590759
32,34,2,0,1,4,0.057923,1154,-1,0.4467881917953491
33,0,33,0,1,0,0.337118,33,-1,0.4053286910057068
33,1,32,0,1,0,0.290837,68,-1,0.44501620531082153
33,2,31,0,1,0,0.276786,103,-1,0.46663862466812134
33,3,30,0,1,0,0.302907,138,-1,0.43400487303733826
33,4,29,0,1,0,0.329599,173,-1,0.4146171808242798
33,5,28,0,1,0,0.312708,208,-1,0.41192010045051575
33,6,27,0,1,0,0.307507,243,-1,0.4174092710018158
33,7,26,0,1,0,0.283415,278,-1,0.44695693254470825
33,8,25,0,1,3,0.302493,313,-1,0.4590561091899872
33,9,24,0,1,3,0.30659,348,-1,0.43075448274612427
33,10,23,0,1,3,0.317228,383,-1,0.46300438046455383
33,11,22,0,1,3,0.299623,418,-1,0.46244603395462036
33,12,21,0,1,5,0.244763,453,-1,0.5128015875816345
33,13,20,0,1,5,0.231967,488,-1,0.4862232804298401
33,14,19,0,1,5,0.214927,523,-1,0.46607506275177
33,15,18,0,1,5,0.215456,558,-1,0.4587912857532501
33,16,17,0,1,5,0.216821,593,-1,0.4461916387081146
33,17,16,0,1,5,0.19887,628,-1,0.4573122560977936
33,18,15,0,1,5,0.205001,663,-1,0.472402423620224
33,19,14,0,1,5,0.215502,698,-1,0.4610785245895386
33,20,13,0,1,2,0.197975,733,-1,0.4371042251586914
33,21,12,0,1,2,0.167698,768,-1,0.46420660614967346
33,22,11,0,1,2,0.145293,803,-1,0.4803207814693451
33,23,10,0,1,6,0.092292,838,-1,0.4824846088886261
33,24,9,0,1,6,0.087845,873,-1,0.4971939027309418
33,25,8,0,1,6,0.070542,908,-1,0.5156742930412292
33,26,7,0,1,6,0.065594,943,-1,0.5333763957023621
33,27,6,0,1,6,0.048349,978,-1,0.5462769269943237
33,28,5,1,1,1,0.032905,1013,-1,0.5438479781150818
33,29,4,1,1,1,0.026268,1048,-1,0.5525303483009338
33,30,3,1,1,1,0.023759,1083,-1,0.5589229464530945
33,31,2,1,1,1,0.006986,1118,-1,0.5531781315803528
33,32,1,1,1,1,0.002969,1153,-1,0.5569064617156982
33,34,1,0,1,4,0.057466,1189,-1,0.44525232911109924
34,0,34,0,4,0,0.326734,34,-1,0.3807031214237213
34,1,33,0,4,0,0.273591,69,-1,0.45159998536109924
34,2,32,0,4,0,0.264036,104,-1,0.43610477447509766
34,3,31,0,4,0,0.289317,139,-1,0.39160507917404175
34,4,30,0,4,0,0.312772,174,-1,0.38238149881362915
34,5,29,0,4,0,0.289557,209,-1,0.41845887899398804
34,6,28,0,4,0,0.28757,244,-1,0.39410945773124695
34,7,27,0,4,0,0.264008,279,-1,0.4111313223838806
34,8,26,0,4,3,0.287637,314,-1,0.4373805820941925
34,9,25,0,4,3,0.292514,349,-1,0.3958160877227783
34,10,24,0,4,3,0.297438,384,-1,0.46400946378707886
34,11,23,0,4,3,0.269267,419,-1,0.40713736414909363
34,12,22,0,4,5,0.231365,454,-1,0.47537729144096375
34,13,21,0,4,5,0.190762,489,-1,0.46066102385520935
34,14,20,0,4,5,0.164599,524,-1,0.44801363348960876
34,15,19,0,4,5,0.187729,559,-1,0.4345712661743164
34,16,18,0,4,5,0.181685,594,-1,0.4244697690010071
34,17,17,0,4,5,0.179963,629,-1,0.42065322399139404
34,18,16,0,4,5,0.189568,664,-1,0.4498332738876343
34,19,15,0,4,5,0.194403,699,-1,0.4267576038837433
34,20,14,0,4,2,0.186734,734,-1,0.392116904258728
34,21,13,0,4,2,0.153629,769,-1,0.4073113203048706
34,22,12,0,4,2,0.133922,804,-1,0.41117554903030396
34,23,11,0,4,6,0.082515,839,-1,0.4195044934749603
34,24,10,0,4,6,0.087074,874,-1,0.44127026200294495
34,25,9,0,4,6,0.059978,909,-1,0.4688466191291809
34,26,8,0,4,6,0.057006,944,-1,0.4668758511543274
34,27,7,0,4,6,0.058612,979,-1,0.48642024397850037
34,28,6,0,4,1,0.054986,1014,-1,0.48704180121421814
34,29,5,0,4,1,0.058719,1049,-1,0.4883243143558502
34,30,4,0,4,1,0.069633,1084,-1,0.49915167689323425
34,31,3,0,4,1,0.065773,1119,-1,0.4948360025882721
34,32,2,0,4,1,0.057923,1154,-1,0.49585434794425964
34,33,1,0,4,1,0.057466,1189,-1,0.5093913078308105
